{
	"name": "hideseek",
	"title": "jQuery HideSeek",
	"description": "A simple, yet customizable live search jQuery plugin.",
	"keywords": [
    "jquery-plugin",
    "live",
    "search",
    "jquery",
    "hideseek"
	],
	"version": "0.6.2",
	"author": {
		"name": "Dimitris Krestos",
		"email": "dkrestos@gmail.com",
		"url": "https://github.com/vdw"
	},
	"maintainers": [
		{
			"name": "Dimitris Krestos",
			"email": "dkrestos@gmail.com",
			"url": "https://github.com/vdw"
		}
	],
	"licenses": [
		{
			"type": "Apache",
			"url": "http://www.apache.org/licenses/LICENSE-2.0"
		}
	],
	"bugs": "https://github.com/vdw/HideSeek/issues",
	"homepage": "http://vdw.github.io/HideSeek",
	"docs": "https://github.com/vdw/HideSeek#readme",
	"download": "https://github.com/vdw/HideSeek/archive/master.zip",
	"dependencies": {
		"jquery": ">=1.8.x"
	}
}
